"","items","support","count"
"[1]","{I2,I4}",0.222222222222222,2
"[2]","{I1,I4}",0.111111111111111,1
"[3]","{I2,I5}",0.222222222222222,2
"[4]","{I1,I5}",0.222222222222222,2
"[5]","{I3,I5}",0.111111111111111,1
"[6]","{I2,I3}",0.444444444444444,4
"[7]","{I1,I3}",0.444444444444444,4
"[8]","{I1,I2}",0.444444444444444,4
"[9]","{I2}",0.777777777777778,7
"[10]","{I1}",0.666666666666667,6
"[11]","{I3}",0.666666666666667,6
"[12]","{I5}",0.222222222222222,2
"[13]","{I4}",0.222222222222222,2
