"","lhs","","rhs","support","confidence","lift","count"
"[1]","{baking powder}","=>","{whole milk}",0.00925266903914591,0.522988505747126,2.04679345563987,91
"[2]","{other vegetables,oil}","=>","{whole milk}",0.00508388408744281,0.510204081632653,1.99675970666818,50
"[3]","{root vegetables,onions}","=>","{other vegetables}",0.00569395017793594,0.602150537634409,3.11200763932444,56
"[4]","{onions,whole milk}","=>","{other vegetables}",0.00660904931367565,0.546218487394958,2.82294210379895,65
"[5]","{other vegetables,hygiene articles}","=>","{whole milk}",0.00518556176919166,0.542553191489362,2.12336276892076,51
