rollno,sname,class,marks
1,sname1,M,20
2,sname2,F,43
3,sname3,M,23
4,sname4,M,31.66666667
5,sname5,F,33.16666667
6,sname6,M,34.66666667
7,sname7,M,36.16666667
8,sname8,F,37.66666667
9,sname9,M,39.16666667
10,sname10,M,40.66666667
11,sname11,F,42.16666667
12,sname12,M,43.66666667