"","lhs","","rhs","support","confidence","lift","count"
"[1]","{whole milk}","=>","{hamburger meat}",0.0147432638535841,0.057699960206924,1.73541011815015,145
"[2]","{whole milk}","=>","{hygiene articles}",0.0128113879003559,0.0501392757660167,1.52197462086041,126
"[3]","{whole milk}","=>","{sugar}",0.0150482968988307,0.0588937524870672,1.73939956669762,148
"[4]","{whole milk}","=>","{long life bakery product}",0.0135231316725979,0.052924791086351,1.41444380525615,133
"[5]","{whole milk}","=>","{dessert}",0.0137264870360956,0.0537206526064465,1.44751402297096,135
